state_type	protected_unit_count	protected_unit_ratio	protected_param_count	protected_param_ratio	protected_state_element_count	protected_state_element_ratio	protected_state_byte_count	protected_state_byte_ratio	head_mode	protection_mask_sha256	surrogate_acc	fidelity	posterior_kl
weight	41	0.3360655737704918	11222912	0.9995635837151531	11222912	0.9987078898452956	44891648	0.9987061123820595	mixed	5f40612e22a06eb563cc0afbcbb98656560443b3f215c609c417b532488c4f5e	0.1582	0.167	2.785335219192505
bias	21	0.1721311475409836	4900	0.0004364162848469497	4900	0.0004360426830613969	19600	0.000436041907008813	mixed	fab3688a15b14a81f58c680552969fed59e0d617b0d858f13912260d88c9a5e3	0.5771	0.7636	0.28812915630340574
running_mean	20	0.16393442622950818	0	0.0	4800	0.00042714385279483784	19200	0.0004271430925800617	exposed	92f0117ee73f5eddf14b828519a2d2de253b4f1e544b4952460dc04a758984a6	0.6107	0.8802	0.07664883337020874
running_var	20	0.16393442622950818	0	0.0	4800	0.00042714385279483784	19200	0.0004271430925800617	exposed	c8144129519bf9accb0c7cfce165a835ed2855e59e99a9fb00194e1ece9423a9	0.6107	0.8802	0.07664883337020874
num_batches_tracked	20	0.16393442622950818	0	0.0	20	1.7797660533118243e-06	160	3.5595257715005147e-06	exposed	e54a451f41a715f4bdcfc24a36d6639fcff16a13ae4a99b303a996ec38c184c0	0.6107	0.8802	0.07664883337020874
