case	origin	dropped_ranks	dropped_weights	protected_weight_count	protected_unit_count	protected_param_count	protected_param_ratio	surrogate_acc	fidelity	posterior_kl	accuracy_increase_vs_full	fidelity_increase_vs_full	posterior_kl_decrease_vs_full
full_top10	reused_prefix_curve			10	11	1009764	0.08993417417391741	0.2569	0.2785	2.167961302947998	0.0	0.0	0.0
drop_05	trained_ablation	5	layer1.1.conv2.weight	9	10	972900	0.0866508986791015	0.2536	0.2791	2.1662137825012207	-0.003300000000000025	0.0005999999999999894	0.0017475204467771732
drop_10	reused_prefix_curve	10	layer2.1.conv2.weight	9	10	862308	0.07680107219465378	0.2596	0.2821	2.1379937690734865	0.00269999999999998	0.003599999999999992	0.029967533874511343
drop_05_10	trained_ablation	5,10	layer1.1.conv2.weight,layer2.1.conv2.weight	8	9	825444	0.07351779669983786	0.2593	0.2831	2.1456377334594725	0.0023999999999999577	0.004599999999999993	0.02232356948852532
