case	origin	dropped_ranks	dropped_weights	protected_weight_count	protected_unit_count	protected_param_count	protected_param_ratio	surrogate_acc	fidelity	posterior_kl	accuracy_increase_vs_full	fidelity_increase_vs_full	posterior_kl_decrease_vs_full
full_top12	reused_prefix_curve			12	13	2779236	0.24753139792508105	0.1655	0.1757	2.6904428455352782	0.0	0.0	0.0
drop_05	trained_ablation	5	layer1.1.conv2.weight	11	12	2742372	0.24424812243026514	0.1635	0.1745	2.714642868041992	-0.0020000000000000018	-0.0012000000000000066	-0.024200022506713825
drop_10	trained_ablation	10	layer2.1.conv2.weight	11	12	2631780	0.2343982959458174	0.1623	0.1753	2.7044148162841797	-0.0032000000000000084	-0.0003999999999999837	-0.013971970748901441
drop_05_10	trained_ablation	5,10	layer1.1.conv2.weight,layer2.1.conv2.weight	10	11	2594916	0.2311150204510015	0.1579	0.1705	2.718430680847168	-0.007599999999999996	-0.005199999999999982	-0.027987835311889864
