case	origin	dropped_ranks	dropped_weights	protected_weight_count	protected_unit_count	protected_param_count	protected_param_ratio	surrogate_acc	fidelity	posterior_kl	accuracy_increase_vs_full	fidelity_increase_vs_full	posterior_kl_decrease_vs_full
full_top12	reused_prefix_curve			12	13	2779236	0.24753139792508105	0.1934	0.2121	2.453752395629883	0.0	0.0	0.0
drop_05	trained_ablation	5	layer1.1.conv2.weight	11	12	2742372	0.24424812243026514	0.1966	0.2147	2.4620208423614502	0.0032000000000000084	0.002599999999999991	-0.008268446731567458
drop_10	trained_ablation	10	layer2.1.conv2.weight	11	12	2631780	0.2343982959458174	0.1985	0.2154	2.4521017749786376	0.005100000000000021	0.0032999999999999974	0.001650620651245216
drop_05_10	trained_ablation	5,10	layer1.1.conv2.weight,layer2.1.conv2.weight	10	11	2594916	0.2311150204510015	0.2011	0.2166	2.4572841835021975	0.007700000000000012	0.004499999999999976	-0.0035317878723146734
